{
  "dishes": [
    {
      "id": 0,
      "name": "venilla ice-cream",
      "price": "$250"
    },
    {
      "id": 1,
      "name": "cheese Burger",
      "price": "$100"
    },
    {
      "id": 2,
      "name": "con ice-cream",
      "price": "$4"
    },
    {
      "id": 3,
      "name": "con ice-cream",
      "price": "$4"
    },
    {
      "id": 4,
      "name": "vinilla ice-cream",
      "price": "$10"
    },
    {
      "name": "chips",
      "price": "$20",
      "id": 5
    },
    {
      "name": "chips",
      "price": "$20",
      "id": 6
    }
  ],
  "comments": [],
  "foods": []
}