{
  "dishes": [
    {
      "id": 0,
      "name": "Ginger-Burger",
      "image": "images/1_food.jpg",
      "category": "meal",
      "label": "Hot",
      "price": "199",
      "featured": true,
      "description": "loremajsefjasd fjasd fas jdfl;ka jsdflk aslkdf alk;sd fasdjf"
    },
    {
      "id": 1,
      "name": "Pizza",
      "image": "images/2_food.jpg",
      "category": "meal",
      "label": "Hot",
      "price": "350$",
      "featured": true,
      "description": "loremajsefjasd fjasd fas jdfl;ka jsdflk aslkdf alk;sd fasdjf"
    },
    {
      "id": 2,
      "name": "Beef melt",
      "image": "images/3_food.jpg",
      "category": "meal",
      "label": "Hot",
      "price": "556$",
      "featured": false,
      "description": "loremajsefjasd fjasd fas jdfl;ka jsdflk aslkdf alk;sd fasdjf"
    },
    {
      "id": 3,
      "name": "Ice-Cream con",
      "image": "images/4_food.jpg",
      "category": "meal",
      "label": "Hot",
      "price": "556$",
      "featured": false,
      "description": "loremajsefjasd fjasd fas jdfl;ka jsdflk aslkdf alk;sd fasdjf"
    }
  ],
  "comments": [
    {
      "dishesId": 0,
      "id": 0,
      "rating": 5,
      "comment": "ajdoifjaoksfj asdjfakd sf",
      "author": "Shuvo",
      "date": "2023-10-16"
    },
    {
      "dishesId": 0,
      "id": 1,
      "rating": 5,
      "comment": "ajdoifjaoksfj asdjfakd sf",
      "author": "Shuvo",
      "date": "2023-10-16"
    },
    {
      "dishesId": 0,
      "id": 2,
      "rating": 5,
      "comment": "ajdoifjaoksfj asdjfakd sf",
      "author": "Shuvo",
      "date": "2023-10-16"
    },
    {
      "dishesId": 1,
      "id": 3,
      "rating": 5,
      "comment": "ajdoifjaoksfj asdjfakd sf",
      "author": "Shuvo",
      "date": "2023-10-16"
    },
    {
      "dishesId": 1,
      "id": 4,
      "rating": 5,
      "comment": "ajdoifjaoksfj asdjfakd sf",
      "author": "Shuvo",
      "date": "2023-10-16"
    },
    {
      "dishesId": 1,
      "id": 5,
      "rating": 5,
      "comment": "ajdoifjaoksfj asdjfakd sf",
      "author": "Shuvo",
      "date": "2023-10-16"
    },
    {
      "dishesId": 2,
      "id": 6,
      "rating": 5,
      "comment": "ajdoifjaoksfj asdjfakd sf",
      "author": "Shuvo",
      "date": "2023-10-16"
    },
    {
      "dishesId": 2,
      "id": 7,
      "rating": 5,
      "comment": "ajdoifjaoksfj asdjfakd sf",
      "author": "Shuvo",
      "date": "2023-10-16"
    },
    {
      "dishesId": 2,
      "id": 8,
      "rating": 5,
      "comment": "ajdoifjaoksfj asdjfakd sf",
      "author": "Shuvo",
      "date": "2023-10-16"
    },
    {
      "dishesId": 3,
      "id": 9,
      "rating": 5,
      "comment": "ajdoifjaoksfj asdjfakd sf",
      "author": "Shuvo",
      "date": "2023-10-16"
    },
    {
      "dishesId": 3,
      "id": 10,
      "rating": 5,
      "comment": "ajdoifjaoksfj asdjfakd sf",
      "author": "Shuvo",
      "date": "2023-10-16"
    },
    {
      "dishesId": 3,
      "id": 11,
      "rating": 5,
      "comment": "ajdoifjaoksfj asdjfakd sf",
      "author": "Shuvo",
      "date": "2023-10-16"
    },
    {
      "author": "Adhiha",
      "rating": "4",
      "comment": "Not so Bad",
      "dishesId": 2,
      "date": "2023-07-02",
      "id": 12
    },
    {
      "author": "Sharmin",
      "rating": "5",
      "comment": "so Yammy",
      "dishesId": 2,
      "date": "2023-07-02T07:52:59.556Z",
      "id": 13
    },
    {
      "author": "MOmen",
      "rating": "3",
      "comment": "asdfasdfasdfasdfasdfasdfasdf",
      "dishesId": 3,
      "date": "2023-07-02T07:57:38.882Z",
      "id": 14
    },
    {
      "author": "Adhiha",
      "rating": "4",
      "comment": "yammm....!!!",
      "dishesId": 3,
      "date": "2023-07-02T07:59:59.005Z",
      "id": 15
    },
    {
      "author": "Ashraful ",
      "rating": "4",
      "comment": "Nice food!",
      "dishesId": 0,
      "date": "2023-07-02T08:26:13.605Z",
      "id": 16
    },
    {
      "author": "MOmen",
      "rating": "5",
      "comment": "MOja",
      "dishesId": 0,
      "date": "2023-07-02T08:38:01.287Z",
      "id": 17
    }
  ],
  "feedback": [
    {
      "firtname": "",
      "lastname": "adsfasdf",
      "telnum": "456565",
      "email": "ashrafulmomen.shuvo@yahoo.com",
      "agree": true,
      "contactType": "Tel.",
      "message": "asdf asdf asdfa sdf ",
      "firstname": "sdfadsf",
      "id": 1
    },
    {
      "firtname": "",
      "lastname": "asdfasdf",
      "telnum": "456565",
      "email": "ashrafulmomen.shuvo@yahoo.com",
      "agree": true,
      "contactType": "Email",
      "message": "asdf asdf asdf",
      "firstname": "asdf",
      "id": 2
    }
  ]
}